sh	SRR13089334.1002218	NC_045512.2:734,ENST00000307365.4:1479	654,652	632	674	43	21.3953488372093	0.7804	NC_045512.2:29903:62-734(+),ENST00000307365.4:1744:1479-1744(+)	SRR13089334
sh	SRR13089334.1018340	NC_045512.2:26183,ENST00000678147.1:530	770,769	749	790	42	19.071428571428573	0.671	NC_045512.2:29903:25384-26183(+),ENST00000678147.1:844:530-731(+)	SRR13089334
sh	SRR13089334.1029045	NC_045512.2:509,ENST00000327347.10:1439	438,436	416	458	43	19.906976744186046	0.6382	NC_045512.2:29903:71-509(+),ENST00000327347.10:3265:1439-1633(+)	SRR13089334
sh	SRR13089334.1034713	NC_045512.2:28493,ENST00000330899.5:1263	221,223	201	243	43	18.209302325581394	0.8624	NC_045512.2:29903:28265-28493(+),ENST00000330899.5:2319:1263-1481(+)	SRR13089334
sh	SRR13089334.1043716	NC_045512.2:26664,ENST00000519106.2:1703	185,198	165	218	54	20.203703703703702	0.7855	NC_045512.2:29903:26469-26664(+),ENST00000519106.2:2160:1703-2160(+)	SRR13089334
sh	SRR13089334.1045466	NC_045512.2:22417,ENST00000589296.5:1822	849,851	829	871	43	18.930232558139537	0.6201	NC_045512.2:29903:21551-22417(+),ENST00000589296.5:2159:1822-2154(+)	SRR13089334
sh	SRR13089334.1083508	NC_045512.2:27102,ENST00000524657.1:3121	621,616	596	641	46	18.26086956521739	0.4212	NC_045512.2:29903:26467-27102(+),ENST00000524657.1:3692:3121-3447(+)	SRR13089334
sh	SRR13089334.1107776	NC_045512.2:24243,ENST00000200457.9:1061	342,337	317	362	46	15.891304347826088	0.2254	NC_045512.2:29903:23899-24243(+),ENST00000200457.9:1693:1061-1693(+)	SRR13089334
sh	SRR13089334.111703	NC_045512.2:27219,ENST00000321757.11:1030	733,720	700	753	54	24.425925925925927	0.9872	NC_045512.2:29903:26470-27219(+),ENST00000321757.11:2064:1030-2032(+)	SRR13089334
sh	SRR13089334.1132665	NC_045512.2:29139,ENST00000257570.9:1195	495,500	475	520	46	19.58695652173913	0.5541	NC_045512.2:29903:28629-29139(+),ENST00000257570.9:3266:1195-2081(+)	SRR13089334
sh	SRR13089334.1139064	NC_045512.2:1754,ENST00000534980.7:5363	1018,1016	996	1038	43	23.13953488372093	0.913	NC_045512.2:29903:1603-1754(+),ENST00000534980.7:6128:5363-6127(+)	SRR13089334
sh	SRR13089334.1156000	NC_045512.2:24324,ENST00000683789.1:93	1374,1379	1354	1399	46	18.304347826086957	0.4449	NC_045512.2:29903:22918-24324(+),ENST00000683789.1:3574:93-2081(+)	SRR13089334
sh	SRR13089334.115723	NC_045512.2:29833,ENST00000376062.6:429	1520,1527	1500	1547	48	20.5625	0.6777	NC_045512.2:29903:28255-29833(+),ENST00000376062.6:2578:429-2572(+)	SRR13089334
sh	SRR13089334.117595	NC_045512.2:28497,ENST00000317683.4:1740	225,224	204	245	42	22.19047619047619	0.8338	NC_045512.2:29903:28257-28497(+),ENST00000317683.4:2993:1740-2992(+)	SRR13089334
sh	SRR13089334.119090	NC_045512.2:27581,ENST00000373232.8:309	186,187	166	207	42	21.61904761904762	0.7537	NC_045512.2:29903:27385-27581(+),ENST00000373232.8:1292:309-1292(+)	SRR13089334
sh	SRR13089334.157846	NC_045512.2:28787,ENST00000412802.5:178	500,495	475	520	46	19.26086956521739	0.5293	NC_045512.2:29903:28257-28787(+),ENST00000412802.5:908:178-893(+)	SRR13089334
sh	SRR13089334.162018	NC_045512.2:25999,ENST00000283131.4:2564	383,380	360	403	44	24.295454545454547	0.7338	NC_045512.2:29903:25611-25999(+),ENST00000283131.4:7684:2564-3059(+)	SRR13089334
sh	SRR13089334.173467	NC_045512.2:27720,ENST00000377724.8:1845	672,671	651	692	42	16.11904761904762	0.2262	NC_045512.2:29903:27040-27720(+),ENST00000377724.8:7906:1845-2133(+)	SRR13089334
sh	SRR13089334.176667	NC_045512.2:25707,ENST00000295470.10:2199	293,290	270	313	44	17.681818181818183	0.4638	NC_045512.2:29903:25397-25707(+),ENST00000295470.10:4372:2199-2319(+)	SRR13089334
sh	SRR13089334.206617	NC_045512.2:27576,ENST00000456471.3:2347	528,534	508	554	47	21.319148936170212	0.7071	NC_045512.2:29903:27040-27576(+),ENST00000456471.3:2608:2347-2535(+)	SRR13089334
sh	SRR13089334.235476	NC_045512.2:29583,ENST00000397861.7:70	1587,1587	1567	1607	41	18.682926829268293	0.6059	NC_045512.2:29903:28257-29583(+),ENST00000397861.7:2037:70-739(+)	SRR13089334
sh	SRR13089334.246933	NC_045512.2:26355,ENST00000233893.10:91	113,117	93	137	45	16.31111111111111	0.3761	NC_045512.2:29903:26243-26355(+),ENST00000233893.10:557:91-491(+)	SRR13089334
sh	SRR13089334.260024	NC_045512.2:21312,ENST00000497571.6:3080	3190,3192	3170	3212	43	20.74418604651163	0.6641	NC_045512.2:29903:18898-21312(+),ENST00000497571.6:4590:3080-4033(+)	SRR13089334
sh	SRR13089334.262615	NC_045512.2:29083,ENST00000498871.3:1099	841,841	821	861	41	19.4390243902439	0.7755	NC_045512.2:29903:28257-29083(+),ENST00000498871.3:1917:860-1099(-)	SRR13089334
sh	SRR13089334.272940	NC_045512.2:25623,ENST00000304046.7:1455	234,239	214	259	46	17.0	0.2067	NC_045512.2:29903:25381-25623(+),ENST00000304046.7:2109:1455-2109(+)	SRR13089334
sh	SRR13089334.285630	NC_045512.2:25655,ENST00000261263.5:1180	130,121	101	150	50	18.98	0.8686	NC_045512.2:29903:25524-25655(+),ENST00000261263.5:15558:1180-2007(+)	SRR13089334
sh	SRR13089334.286465	NC_045512.2:23849,ENST00000446474.5:260	2296,2297	2276	2317	42	18.928571428571427	0.2131	NC_045512.2:29903:21552-23849(+),ENST00000446474.5:2562:260-2559(+)	SRR13089334
sh	SRR13089334.299629	NC_045512.2:28750,ENST00000274289.8:2042	478,478	458	498	41	16.829268292682926	0.2135	NC_045512.2:29903:28254-28750(+),ENST00000274289.8:2786:2042-2777(+)	SRR13089334
sh	SRR13089334.310209	NC_045512.2:683,ENST00000295770.4:3763	597,600	577	620	44	18.704545454545453	0.5189	NC_045512.2:29903:64-683(+),ENST00000295770.4:4107:3763-3976(+)	SRR13089334
sh	SRR13089334.338716	NC_045512.2:28413,ENST00000415806.2:724	148,146	126	168	43	19.093023255813954	0.3647	NC_045512.2:29903:28256-28413(+),ENST00000415806.2:1990:724-1990(+)	SRR13089334
sh	SRR13089334.34232	NC_045512.2:28406,ENST00000254480.10:5254	520,518	498	540	43	21.0	0.5972	NC_045512.2:29903:27883-28406(+),ENST00000254480.10:6354:5254-5603(+)	SRR13089334
sh	SRR13089334.351163	NC_045512.2:2391,ENST00000684112.1:4820	1037,1036	1016	1057	42	18.738095238095237	0.6412	NC_045512.2:29903:1350-2391(+),ENST00000684112.1:5366:4820-5366(+)	SRR13089334
sh	SRR13089334.360315	NC_045512.2:10882,ENST00000430157.6:250	1160,1160	1140	1180	41	19.658536585365855	0.5685	NC_045512.2:29903:9700-10882(+),ENST00000430157.6:572:250-568(+)	SRR13089334
sh	SRR13089334.372362	NC_045512.2:26280,ENST00000360943.10:685	893,899	873	919	47	24.0	0.8342	NC_045512.2:29903:25381-26280(+),ENST00000360943.10:3084:685-3034(+)	SRR13089334
sh	SRR13089334.375930	NC_045512.2:26561,ENST00000533498.1:233	99,99	79	119	41	20.195121951219512	0.5022	NC_045512.2:29903:26470-26561(+),ENST00000533498.1:532:233-516(+)	SRR13089334
sh	SRR13089334.423906	NC_045512.2:5512,ENST00000681507.1:5478	5378,5378	5358	5398	41	23.24390243902439	0.8566	NC_045512.2:29903:66-5512(+),ENST00000681507.1:10103:5478-5796(+)	SRR13089334
sh	SRR13089334.431084	NC_045512.2:24344,ENST00000548474.2:205	555,553	533	575	43	21.6046511627907	0.5776	NC_045512.2:29903:23780-24344(+),ENST00000548474.2:449:205-446(+)	SRR13089334
sh	SRR13089334.456230	NC_045512.2:509,ENST00000375533.6:937	437,436	416	457	42	18.261904761904763	0.4687	NC_045512.2:29903:64-509(+),ENST00000375533.6:1691:937-1464(+)	SRR13089334
sh	SRR13089334.462483	NC_045512.2:26581,ENST00000336314.9:6432	1167,1160	1140	1187	48	18.854166666666668	0.4087	NC_045512.2:29903:25382-26581(+),ENST00000336314.9:6652:6432-6652(+)	SRR13089334
sh	SRR13089334.469738	NC_045512.2:734,ENST00000550383.1:4825	659,659	639	679	41	23.146341463414632	0.855	NC_045512.2:29903:61-734(+),ENST00000550383.1:5905:4284-4825(-)	SRR13089334
sh	SRR13089334.480945	NC_045512.2:7312,ENST00000510866.5:5700	804,800	780	824	45	21.844444444444445	0.9141	NC_045512.2:29903:6497-7312(+),ENST00000510866.5:6324:5700-6323(+)	SRR13089334
sh	SRR13089334.485891	NC_045512.2:23597,ENST00000619426.5:68	2038,2039	2018	2059	42	22.023809523809526	0.7083	NC_045512.2:29903:21551-23597(+),ENST00000619426.5:762:68-755(+)	SRR13089334
sh	SRR13089334.485941	NC_045512.2:24128,ENST00000371145.8:5191	1957,1953	1933	1977	45	19.022222222222222	0.2094	NC_045512.2:29903:23570-24128(+),ENST00000371145.8:6179:5191-6022(+)	SRR13089334
sh	SRR13089334.512011	NC_045512.2:28963,ENST00000265748.7:4578	612,619	592	639	48	19.083333333333332	0.243	NC_045512.2:29903:28337-28963(+),ENST00000265748.7:4731:4578-4728(+)	SRR13089334
sh	SRR13089334.516172	NC_045512.2:27289,ENST00000275015.9:1822	1817,1821	1797	1841	45	20.266666666666666	0.6007	NC_045512.2:29903:25433-27289(+),ENST00000275015.9:2581:1822-2060(+)	SRR13089334
sh	SRR13089334.535896	NC_045512.2:29449,ENST00000487541.5:706	1164,1163	1143	1184	42	20.785714285714285	0.7329	NC_045512.2:29903:28255-29449(+),ENST00000487541.5:974:706-944(+)	SRR13089334
sh	SRR13089334.537214	NC_045512.2:27369,ENST00000358704.4:2499	329,328	308	349	42	19.547619047619047	0.619	NC_045512.2:29903:27040-27369(+),ENST00000358704.4:3851:2499-3851(+)	SRR13089334
sh	SRR13089334.563230	NC_045512.2:29804,ENST00000303251.11:114	1515,1518	1495	1538	44	22.704545454545453	0.7151	NC_045512.2:29903:28254-29804(+),ENST00000303251.11:1588:114-1333(+)	SRR13089334
sh	SRR13089334.587290	NC_045512.2:734,ENST00000239231.7:1777	137,129	109	157	49	17.224489795918366	0.6213	NC_045512.2:29903:598-734(+),ENST00000239231.7:10274:1777-1894(+)	SRR13089334
sh	SRR13089334.589586	NC_045512.2:27787,ENST00000438495.6:85	1562,1562	1542	1582	41	21.926829268292682	0.7351	NC_045512.2:29903:27267-27787(+),ENST00000438495.6:3133:85-1948(+)	SRR13089334
sh	SRR13089334.590494	NC_045512.2:28488,ENST00000441618.1:338	236,239	216	259	44	19.0	0.5682	NC_045512.2:29903:28254-28488(+),ENST00000441618.1:2483:338-2479(+)	SRR13089334
sh	SRR13089334.645360	NC_045512.2:29069,ENST00000476706.5:577	401,401	381	421	41	15.463414634146341	0.2955	NC_045512.2:29903:28646-29069(+),ENST00000476706.5:927:577-909(+)	SRR13089334
sh	SRR13089334.648425	NC_045512.2:28731,ENST00000467102.5:192	474,472	452	494	43	18.86046511627907	0.4595	NC_045512.2:29903:28256-28731(+),ENST00000467102.5:820:192-820(+)	SRR13089334
sh	SRR13089334.650362	NC_045512.2:27133,ENST00000245857.9:125	633,631	611	653	43	18.58139534883721	0.5437	NC_045512.2:29903:26467-27133(+),ENST00000245857.9:588:125-581(+)	SRR13089334
sh	SRR13089334.654394	NC_045512.2:735,ENST00000371225.4:1181	644,642	622	664	43	19.069767441860463	0.349	NC_045512.2:29903:66-735(+),ENST00000371225.4:1820:1181-1820(+)	SRR13089334
sh	SRR13089334.664845	NC_045512.2:23216,ENST00000245857.9:229	1574,1572	1552	1594	43	18.25581395348837	0.4241	NC_045512.2:29903:21551-23216(+),ENST00000245857.9:588:229-581(+)	SRR13089334
sh	SRR13089334.665790	NC_045512.2:29749,ENST00000521604.7:1716	1152,1150	1130	1172	43	18.046511627906977	0.41	NC_045512.2:29903:28563-29749(+),ENST00000521604.7:2777:1716-2777(+)	SRR13089334
sh	SRR13089334.682993	NC_045512.2:28866,ENST00000463056.5:1382	631,631	611	651	41	19.170731707317074	0.5547	NC_045512.2:29903:28224-28866(+),ENST00000463056.5:3240:1382-3237(+)	SRR13089334
sh	SRR13089334.683653	NC_045512.2:29165,ENST00000249269.9:1109	924,933	904	953	50	14.96	0.2566	NC_045512.2:29903:28261-29165(+),ENST00000249269.9:3910:1109-1618(+)	SRR13089334
sh	SRR13089334.726465	NC_045512.2:23945,ENST00000340553.8:5151	2416,2418	2396	2438	43	20.093023255813954	0.559	NC_045512.2:29903:21551-23945(+),ENST00000340553.8:5437:5151-5436(+)	SRR13089334
sh	SRR13089334.744043	NC_045512.2:29583,ENST00000674616.1:1978	2145,2143	2123	2165	43	19.023255813953487	0.4238	NC_045512.2:29903:27384-29583(+),ENST00000674616.1:2559:1978-2555(+)	SRR13089334
sh	SRR13089334.744399	NC_045512.2:26706,ENST00000585132.5:3384	233,233	213	253	41	18.146341463414632	0.4048	NC_045512.2:29903:26469-26706(+),ENST00000585132.5:3489:3384-3489(+)	SRR13089334
sh	SRR13089334.756064	NC_045512.2:27581,ENST00000498485.5:546	116,116	96	136	41	19.951219512195124	0.6582	NC_045512.2:29903:27462-27581(+),ENST00000498485.5:967:546-963(+)	SRR13089334
sh	SRR13089334.770547	NC_045512.2:926,ENST00000340126.9:100	221,221	201	241	41	22.48780487804878	0.6649	NC_045512.2:29903:700-926(+),ENST00000340126.9:5414:100-5413(+)	SRR13089334
sh	SRR13089334.800630	NC_045512.2:25334,ENST00000307296.8:56	2905,2905	2885	2925	41	18.902439024390244	0.3745	NC_045512.2:29903:22468-25334(+),ENST00000307296.8:5884:56-3187(+)	SRR13089334
sh	SRR13089334.804543	NC_045512.2:7656,ENST00000605357.6:297	109,109	89	129	41	16.634146341463413	0.3609	NC_045512.2:29903:7556-7656(+),ENST00000605357.6:840:297-835(+)	SRR13089334
sh	SRR13089334.880517	NC_045512.2:24997,ENST00000204517.11:104	3403,3403	3383	3423	41	19.829268292682926	0.6235	NC_045512.2:29903:21553-24997(+),ENST00000204517.11:2163:104-354(+)	SRR13089334
sh	SRR13089334.881836	NC_045512.2:26543,ENST00000468437.1:253	1115,1115	1095	1135	41	17.048780487804876	0.4542	NC_045512.2:29903:25383-26543(+),ENST00000468437.1:383:253-383(+)	SRR13089334
sh	SRR13089334.884124	NC_045512.2:29660,ENST00000584906.6:344	1374,1374	1354	1394	41	16.51219512195122	0.3198	NC_045512.2:29903:28256-29660(+),ENST00000584906.6:603:344-599(+)	SRR13089334
sh	SRR13089334.903002	NC_045512.2:11221,ENST00000382581.5:55	1564,1563	1543	1584	42	20.88095238095238	0.8638	NC_045512.2:29903:9636-11221(+),ENST00000382581.5:1574:55-1207(+)	SRR13089334
sh	SRR13089334.903269	NC_045512.2:424,ENST00000359236.10:4442	359,356	336	379	44	18.75	0.703	NC_045512.2:29903:62-424(+),ENST00000359236.10:5009:4442-5000(+)	SRR13089334
sh	SRR13089334.905648	NC_045512.2:26951,ENST00000230048.5:3965	259,259	239	279	41	20.463414634146343	0.4968	NC_045512.2:29903:26829-26951(+),ENST00000230048.5:4041:3859-3965(-)	SRR13089334
sh	SRR13089334.906870	NC_045512.2:25705,ENST00000265295.9:2142	318,318	298	338	41	26.48780487804878	0.9912	NC_045512.2:29903:25383-25705(+),ENST00000265295.9:2529:2142-2521(+)	SRR13089334
sh	SRR13089334.934267	NC_045512.2:27759,ENST00000246784.8:342	2323,2326	2303	2346	44	21.295454545454547	0.7852	NC_045512.2:29903:25381-27759(+),ENST00000246784.8:1064:342-1049(+)	SRR13089334
sh	SRR13089334.943431	NC_045512.2:29342,ENST00000370763.6:1248	1055,1056	1035	1076	42	23.38095238095238	0.8556	NC_045512.2:29903:28254-29342(+),ENST00000370763.6:2903:1248-1791(+)	SRR13089334
sh	SRR13089334.949131	NC_045512.2:27018,ENST00000533186.5:214	129,134	109	154	46	24.282608695652176	0.8818	NC_045512.2:29903:26886-27018(+),ENST00000533186.5:625:214-618(+)	SRR13089334
sh	SRR13089334.969817	NC_045512.2:27221,ENST00000322989.8:125	507,506	486	527	42	23.095238095238095	0.8082	NC_045512.2:29903:26709-27221(+),ENST00000322989.8:2203:125-529(+)	SRR13089334
sh	SRR13089334.973481	NC_045512.2:21821,ENST00000333050.7:275	260,258	238	280	43	19.53488372093023	0.4458	NC_045512.2:29903:21553-21821(+),ENST00000333050.7:1439:275-1166(+)	SRR13089334
sh	SRR13089334.980770	NC_045512.2:29233,ENST00000621878.4:153	800,809	780	829	50	20.4	0.6984	NC_045512.2:29903:28442-29233(+),ENST00000621878.4:1705:153-1698(+)	SRR13089334
sh	SRR13089334.987754	NC_045512.2:25551,ENST00000310301.9:2043	173,173	153	193	41	22.414634146341463	0.7521	NC_045512.2:29903:25383-25551(+),ENST00000310301.9:5854:2043-4845(+)	SRR13089334
sh	SRR13089334.992648	NC_045512.2:9656,ENST00000272317.11:323	742,741	721	762	42	19.69047619047619	0.3777	NC_045512.2:29903:8914-9656(+),ENST00000272317.11:785:323-539(+)	SRR13089334
sh	SRR13089336.1010219	NC_045512.2:27774,ENST00000585202.5:839	124,121	101	144	44	20.636363636363637	0.7736	NC_045512.2:29903:27645-27774(+),ENST00000585202.5:1359:839-1354(+)	SRR13089336
sh	SRR13089336.1075325	NC_045512.2:29194,ENST00000244869.3:4503	1391,1391	1371	1411	41	20.878048780487806	0.6936	NC_045512.2:29903:27760-29194(+),ENST00000244869.3:4615:4503-4615(+)	SRR13089336
sh	SRR13089336.1102031	NC_045512.2:29127,ENST00000404241.6:592	869,871	849	891	43	20.232558139534884	0.3492	NC_045512.2:29903:28254-29127(+),ENST00000404241.6:1910:592-1901(+)	SRR13089336
sh	SRR13089336.1176836	NC_045512.2:27179,ENST00000317987.6:55	226,235	206	255	50	19.96	0.5302	NC_045512.2:29903:27040-27179(+),ENST00000317987.6:513:55-485(+)	SRR13089336
sh	SRR13089336.137950	NC_045512.2:28468,ENST00000378330.7:8692	583,581	561	603	43	17.069767441860463	0.307	NC_045512.2:29903:27883-28468(+),ENST00000378330.7:9131:8692-9131(+)	SRR13089336
sh	SRR13089336.1565749	NC_045512.2:29131,ENST00000380749.10:184	167,175	147	195	49	22.489795918367346	0.6346	NC_045512.2:29903:28956-29131(+),ENST00000380749.10:1271:184-1268(+)	SRR13089336
sh	SRR13089336.1693608	NC_045512.2:25822,ENST00000613122.5:3169	1982,1993	1962	2013	52	18.384615384615383	0.2378	NC_045512.2:29903:23837-25822(+),ENST00000613122.5:3744:3169-3744(+)	SRR13089336
sh	SRR13089336.173174	NC_045512.2:25704,ENST00000304478.9:74	1075,1075	1055	1095	41	23.609756097560975	0.9911	NC_045512.2:29903:24619-25704(+),ENST00000304478.9:1729:74-1717(+)	SRR13089336
sh	SRR13089336.206894	NC_045512.2:26995,ENST00000415136.6:176	383,388	363	408	46	16.82608695652174	0.5384	NC_045512.2:29903:26588-26995(+),ENST00000415136.6:2126:176-1707(+)	SRR13089336
sh	SRR13089336.2168744	NC_045512.2:5101,ENST00000654182.1:2511	2599,2588	2568	2619	52	17.826923076923077	0.3858	NC_045512.2:29903:2472-5101(+),ENST00000654182.1:2673:1886-2511(-)	SRR13089336
sh	SRR13089336.2205134	NC_045512.2:28272,ENST00000325110.11:2635	855,854	834	875	42	24.11904761904762	0.9819	NC_045512.2:29903:27384-28272(+),ENST00000325110.11:5350:2635-3427(+)	SRR13089336
sh	SRR13089336.2401951	NC_045512.2:29480,ENST00000688453.1:165	1207,1206	1186	1227	42	20.523809523809526	0.6504	NC_045512.2:29903:28255-29480(+),ENST00000688453.1:1332:165-1266(+)	SRR13089336
sh	SRR13089336.2745035	NC_045512.2:5095,ENST00000670178.1:456	622,617	597	642	46	19.652173913043477	0.7791	NC_045512.2:29903:4447-5095(+),ENST00000670178.1:2881:456-1132(+)	SRR13089336
sh	SRR13089336.2745961	NC_045512.2:29824,ENST00000538775.5:3475	1884,1881	1861	1904	44	19.25	0.4714	NC_045512.2:29903:27883-29824(+),ENST00000538775.5:4315:3475-4298(+)	SRR13089336
sh	SRR13089336.2896148	NC_045512.2:22844,ENST00000504878.1:602	337,335	315	357	43	18.25581395348837	0.5818	NC_045512.2:29903:22600-22844(+),ENST00000504878.1:1497:602-1495(+)	SRR13089336
sh	SRR13089336.415251	NC_045512.2:1518,ENST00000354336.8:4101	1445,1444	1424	1465	42	17.523809523809526	0.2441	NC_045512.2:29903:63-1518(+),ENST00000354336.8:5342:4101-4214(+)	SRR13089336
sh	SRR13089336.618640	NC_045512.2:28173,ENST00000266458.10:1672	295,293	273	315	43	20.906976744186046	0.854	NC_045512.2:29903:27885-28173(+),ENST00000266458.10:1883:1672-1883(+)	SRR13089336
sh	SRR13089336.652683	NC_045512.2:29193,ENST00000645674.2:68	663,661	641	683	43	20.13953488372093	0.4527	NC_045512.2:29903:28520-29193(+),ENST00000645674.2:732:68-721(+)	SRR13089336
sh	SRR13089336.700250	NC_045512.2:29534,ENST00000616584.1:168	932,928	908	952	45	20.022222222222222	0.2713	NC_045512.2:29903:28594-29534(+),ENST00000616584.1:1344:168-843(+)	SRR13089336
sh	SRR13089336.702883	NC_045512.2:29443,ENST00000578968.6:218	1168,1169	1148	1189	42	19.785714285714285	0.4988	NC_045512.2:29903:28254-29443(+),ENST00000578968.6:986:218-979(+)	SRR13089336
sh	SRR13089336.709592	NC_045512.2:28090,ENST00000374695.8:10429	1899,1889	1869	1919	51	23.784313725490197	0.983	NC_045512.2:29903:26121-28090(+),ENST00000374695.8:14341:10429-14339(+)	SRR13089336
sh	SRR13089336.819092	NC_045512.2:27402,ENST00000335793.4:2733	1940,1938	1918	1960	43	20.58139534883721	0.5487	NC_045512.2:29903:25381-27402(+),ENST00000335793.4:3098:2733-3098(+)	SRR13089336
sh	SRR13089336.954566	NC_045512.2:29694,ENST00000437296.1:1131	214,214	194	234	41	19.585365853658537	0.9231	NC_045512.2:29903:29473-29694(+),ENST00000437296.1:2266:1131-1974(+)	SRR13089336
sh	SRR13089340.1013073	NC_045512.2:848,ENST00000394803.9:103	755,754	734	775	42	20.095238095238095	0.5415	NC_045512.2:29903:66-848(+),ENST00000394803.9:2227:103-841(+)	SRR13089340
sh	SRR13089340.1070138	NC_045512.2:27100,ENST00000311086.9:487	1678,1675	1655	1698	44	19.386363636363637	0.6959	NC_045512.2:29903:25381-27100(+),ENST00000311086.9:1921:487-1516(+)	SRR13089340
sh	SRR13089340.1091169	NC_045512.2:26376,ENST00000536323.5:68	150,150	130	170	41	16.78048780487805	0.3976	NC_045512.2:29903:26236-26376(+),ENST00000536323.5:1872:68-1800(+)	SRR13089340
sh	SRR13089340.1115383	NC_045512.2:27022,ENST00000338970.10:51	1977,1981	1957	2001	45	18.533333333333335	0.4581	NC_045512.2:29903:24988-27022(+),ENST00000338970.10:7072:51-759(+)	SRR13089340
sh	SRR13089340.1117382	NC_045512.2:29817,ENST00000674593.1:937	2348,2350	2328	2370	43	19.651162790697676	0.6642	NC_045512.2:29903:27383-29817(+),ENST00000674593.1:1997:937-1297(+)	SRR13089340
sh	SRR13089340.1235470	NC_045512.2:29619,ENST00000464218.5:383	838,840	818	860	43	16.069767441860463	0.2611	NC_045512.2:29903:28767-29619(+),ENST00000464218.5:615:383-615(+)	SRR13089340
sh	SRR13089340.1397560	NC_045512.2:29268,ENST00000311549.11:424	368,372	348	392	45	17.77777777777778	0.2208	NC_045512.2:29903:28888-29268(+),ENST00000311549.11:566:424-564(+)	SRR13089340
sh	SRR13089340.1398567	NC_045512.2:29369,ENST00000366991.5:1727	723,727	703	747	45	20.555555555555557	0.6956	NC_045512.2:29903:28643-29369(+),ENST00000366991.5:4409:1727-4239(+)	SRR13089340
sh	SRR13089340.1643003	NC_045512.2:29068,ENST00000374316.9:9501	790,791	770	811	42	16.38095238095238	0.2521	NC_045512.2:29903:28254-29068(+),ENST00000374316.9:9870:9501-9867(+)	SRR13089340
sh	SRR13089340.169679	NC_045512.2:26679,ENST00000392121.7:3211	208,209	188	229	42	19.19047619047619	0.2446	NC_045512.2:29903:26467-26679(+),ENST00000392121.7:3421:3211-3420(+)	SRR13089340
sh	SRR13089340.170736	NC_045512.2:27752,ENST00000311672.10:66	1274,1274	1254	1294	41	17.951219512195124	0.2168	NC_045512.2:29903:26467-27752(+),ENST00000311672.10:537:66-537(+)	SRR13089340
sh	SRR13089340.1757719	NC_045512.2:26283,ENST00000488683.1:94	384,384	364	404	41	17.804878048780488	0.4907	NC_045512.2:29903:25894-26283(+),ENST00000488683.1:2723:94-949(+)	SRR13089340
sh	SRR13089340.1867920	NC_045512.2:25761,ENST00000336714.8:98	634,634	614	654	41	21.048780487804876	0.7502	NC_045512.2:29903:25127-25761(+),ENST00000336714.8:3464:98-3126(+)	SRR13089340
sh	SRR13089340.1914689	NC_045512.2:26076,ENST00000676615.2:1195	180,168	148	200	53	17.132075471698112	0.314	NC_045512.2:29903:25896-26076(+),ENST00000676615.2:3843:1195-3835(+)	SRR13089340
sh	SRR13089340.1960788	NC_045512.2:29171,ENST00000427021.3:2643	889,890	869	910	42	19.785714285714285	0.5738	NC_045512.2:29903:28256-29171(+),ENST00000427021.3:3210:2643-3011(+)	SRR13089340
sh	SRR13089340.2035170	NC_045512.2:27783,ENST00000688547.1:1067	98,98	78	118	41	21.24390243902439	0.7711	NC_045512.2:29903:27681-27783(+),ENST00000688547.1:6781:1067-2259(+)	SRR13089340
sh	SRR13089340.214983	NC_045512.2:1439,ENST00000580864.5:1341	1365,1369	1345	1389	45	20.42222222222222	0.749	NC_045512.2:29903:62-1439(+),ENST00000580864.5:1552:1341-1550(+)	SRR13089340
sh	SRR13089340.2202298	NC_045512.2:28646,ENST00000352983.7:77	390,393	370	413	44	18.636363636363637	0.3746	NC_045512.2:29903:28254-28646(+),ENST00000352983.7:1233:77-834(+)	SRR13089340
sh	SRR13089340.2238223	NC_045512.2:28303,ENST00000679106.1:104	408,410	388	430	43	23.488372093023255	0.9844	NC_045512.2:29903:27885-28303(+),ENST00000679106.1:1342:104-756(+)	SRR13089340
sh	SRR13089340.2415293	NC_045512.2:28601,ENST00000581621.1:1313	645,646	625	666	42	21.357142857142858	0.7201	NC_045512.2:29903:27945-28601(+),ENST00000581621.1:4554:1313-1846(+)	SRR13089340
sh	SRR13089340.2424368	NC_045512.2:29316,ENST00000490528.1:1083	1026,1026	1006	1046	41	24.097560975609756	0.6618	NC_045512.2:29903:28259-29316(+),ENST00000490528.1:1405:1083-1398(+)	SRR13089340
sh	SRR13089340.2437788	NC_045512.2:27672,ENST00000616577.4:1020	290,288	268	310	43	20.790697674418606	0.7366	NC_045512.2:29903:27384-27672(+),ENST00000616577.4:4814:1020-1415(+)	SRR13089340
sh	SRR13089340.2448999	NC_045512.2:5554,ENST00000533387.5:796	2869,2866	2846	2889	44	19.954545454545453	0.4865	NC_045512.2:29903:2613-5554(+),ENST00000533387.5:3197:796-926(+)	SRR13089340
sh	SRR13089340.2587890	NC_045512.2:17498,ENST00000374572.7:215	165,164	144	185	42	20.928571428571427	0.7421	NC_045512.2:29903:17340-17498(+),ENST00000374572.7:3766:215-3760(+)	SRR13089340
sh	SRR13089340.2622154	NC_045512.2:27164,ENST00000556230.2:393	65,67	45	87	43	23.325581395348838	0.8536	NC_045512.2:29903:27098-27164(+),ENST00000556230.2:677:393-675(+)	SRR13089340
sh	SRR13089340.2647106	NC_045512.2:27190,ENST00000396957.5:515	709,719	689	739	51	18.627450980392158	0.3741	NC_045512.2:29903:26470-27190(+),ENST00000396957.5:1749:515-662(+)	SRR13089340
sh	SRR13089340.2656673	NC_045512.2:29472,ENST00000460403.1:303	683,680	660	703	44	15.772727272727273	0.2055	NC_045512.2:29903:29314-29472(+),ENST00000460403.1:1428:303-702(+)	SRR13089340
sh	SRR13089340.2722265	NC_045512.2:28602,ENST00000375571.6:2320	1213,1217	1193	1237	45	17.844444444444445	0.3229	NC_045512.2:29903:27384-28602(+),ENST00000375571.6:2562:2320-2562(+)	SRR13089340
sh	SRR13089340.293596	NC_045512.2:29666,ENST00000446327.6:160	239,245	219	265	47	17.319148936170212	0.4726	NC_045512.2:29903:29418-29666(+),ENST00000446327.6:2453:160-1158(+)	SRR13089340
sh	SRR13089340.2958865	NC_045512.2:21645,ENST00000392564.5:144	90,90	70	110	41	21.170731707317074	0.5362	NC_045512.2:29903:21551-21645(+),ENST00000392564.5:3182:144-1248(+)	SRR13089340
sh	SRR13089340.2983471	NC_045512.2:28601,ENST00000560881.5:1507	1726,1732	1706	1752	47	20.95744680851064	0.5286	NC_045512.2:29903:26972-28601(+),ENST00000560881.5:1692:1507-1692(+)	SRR13089340
sh	SRR13089340.2989817	NC_045512.2:1138,ENST00000652974.1:123	1032,1031	1011	1052	42	20.095238095238095	0.8683	NC_045512.2:29903:71-1138(+),ENST00000652974.1:1242:123-1242(+)	SRR13089340
sh	SRR13089340.2995942	NC_045512.2:27282,ENST00000356464.10:386	247,246	226	267	42	20.595238095238095	0.8287	NC_045512.2:29903:27040-27282(+),ENST00000356464.10:1272:386-819(+)	SRR13089340
sh	SRR13089340.301306	NC_045512.2:28744,ENST00000270776.13:148	484,484	464	504	41	17.975609756097562	0.3748	NC_045512.2:29903:28257-28744(+),ENST00000270776.13:2268:148-1889(+)	SRR13089340
sh	SRR13089340.3029285	NC_045512.2:27320,ENST00000330899.5:826	844,846	824	866	43	25.813953488372093	1.0	NC_045512.2:29903:26467-27320(+),ENST00000330899.5:2319:826-1474(+)	SRR13089340
sh	SRR13089340.3074406	NC_045512.2:28057,ENST00000329276.10:917	178,173	153	198	46	18.456521739130434	0.4185	NC_045512.2:29903:27877-28057(+),ENST00000329276.10:1913:917-1899(+)	SRR13089340
sh	SRR13089340.3134942	NC_045512.2:26294,ENST00000394132.7:3519	60,64	40	84	45	21.2	0.7966	NC_045512.2:29903:26236-26294(+),ENST00000394132.7:3872:3519-3872(+)	SRR13089340
sh	SRR13089340.3196237	NC_045512.2:29742,ENST00000537473.2:1802	118,117	97	138	42	17.047619047619047	0.2152	NC_045512.2:29903:29621-29742(+),ENST00000537473.2:2939:1802-2682(+)	SRR13089340
sh	SRR13089340.3196801	NC_045512.2:29351,ENST00000663232.1:345	1064,1063	1043	1084	42	15.023809523809524	0.2451	NC_045512.2:29903:28255-29351(+),ENST00000663232.1:3511:345-1000(+)	SRR13089340
sh	SRR13089340.3208295	NC_045512.2:26578,ENST00000393349.2:1093	99,99	79	119	41	19.121951219512194	0.5297	NC_045512.2:29903:26467-26578(+),ENST00000393349.2:2371:1093-2370(+)	SRR13089340
sh	SRR13089340.3263920	NC_045512.2:29066,ENST00000373064.9:220	139,141	119	161	43	20.372093023255815	0.5848	NC_045512.2:29903:28925-29066(+),ENST00000373064.9:3474:220-3474(+)	SRR13089340
sh	SRR13089340.607126	NC_045512.2:1453,ENST00000303319.10:65	1338,1340	1318	1360	43	15.395348837209303	0.2911	NC_045512.2:29903:67-1453(+),ENST00000303319.10:1392:65-1392(+)	SRR13089340
sh	SRR13089340.681668	NC_045512.2:29716,ENST00000374550.8:275	3206,3200	3180	3226	47	19.680851063829788	0.6052	NC_045512.2:29903:26470-29716(+),ENST00000374550.8:660:275-659(+)	SRR13089340
sh	SRR13089340.73994	NC_045512.2:21709,ENST00000308683.3:767	2970,2971	2950	2991	42	19.738095238095237	0.334	NC_045512.2:29903:18708-21709(+),ENST00000308683.3:1707:767-1707(+)	SRR13089340
sh	SRR13089340.743892	NC_045512.2:29255,ENST00000534341.1:841	998,997	977	1018	42	22.11904761904762	0.6337	NC_045512.2:29903:28254-29255(+),ENST00000534341.1:1273:841-1154(+)	SRR13089340
sh	SRR13089340.756662	NC_045512.2:288,ENST00000252486.9:143	218,218	198	238	41	20.4390243902439	0.7657	NC_045512.2:29903:66-288(+),ENST00000252486.9:1166:143-1166(+)	SRR13089340
sh	SRR13089340.773961	NC_045512.2:29743,ENST00000368445.9:3141	860,866	840	886	47	18.97872340425532	0.4383	NC_045512.2:29903:28893-29743(+),ENST00000368445.9:3472:3141-3468(+)	SRR13089340
sh	SRR13089340.779421	NC_045512.2:27515,ENST00000326092.8:246	6218,6218	6198	6238	41	20.902439024390244	0.6117	NC_045512.2:29903:21835-27515(+),ENST00000326092.8:641:246-641(+)	SRR13089340
sh	SRR13089340.887626	NC_045512.2:29313,ENST00000267339.6:1908	2783,2777	2757	2803	47	21.638297872340427	0.8637	NC_045512.2:29903:26498-29313(+),ENST00000267339.6:2495:1908-2481(+)	SRR13089340
sh	SRR13089340.919788	NC_045512.2:27578,ENST00000441788.7:381	2423,2421	2401	2443	43	19.837209302325583	0.595	NC_045512.2:29903:25122-27578(+),ENST00000441788.7:5178:381-3030(+)	SRR13089340
sh	SRR13089340.924416	NC_045512.2:28028,ENST00000392133.7:391	134,144	114	164	51	17.686274509803923	0.254	NC_045512.2:29903:27883-28028(+),ENST00000392133.7:3761:391-2882(+)	SRR13089340
sh	SRR13089340.943725	NC_045512.2:27681,ENST00000396628.7:52	1187,1201	1167	1221	55	20.90909090909091	0.7526	NC_045512.2:29903:26468-27681(+),ENST00000396628.7:1491:52-749(+)	SRR13089340
sh	SRR13089348.145875	NC_045512.2:29315,ENST00000321153.9:56	2212,2211	2191	2232	42	21.11904761904762	0.8258	NC_045512.2:29903:27040-29315(+),ENST00000321153.9:462:56-460(+)	SRR13089348
hs	SRR13089334.1004289	ENST00000445125.2:1093,NC_045512.2:5321	568,565	545	588	44	18.09090909090909	0.2578	ENST00000445125.2:1848:1093-1633(-),NC_045512.2:29903:5321-6604(+)	SRR13089334
hs	SRR13089334.1009544	ENST00000445125.2:446,NC_045512.2:29482	1353,1359	1333	1379	47	18.46808510638298	0.4929	ENST00000445125.2:1848:446-1779(-),NC_045512.2:29903:29482-29871(+)	SRR13089334
hs	SRR13089334.1009645	ENST00000625598.1:253,NC_045512.2:29633	583,594	563	614	52	18.673076923076923	0.5936	ENST00000625598.1:923:253-839(-),NC_045512.2:29903:29633-29884(+)	SRR13089334
hs	SRR13089334.1020370	ENST00000445125.2:748,NC_045512.2:25808	1044,1053	1024	1073	50	16.18	0.301	ENST00000445125.2:1848:748-1783(-),NC_045512.2:29903:25808-29719(+)	SRR13089334
hs	SRR13089334.1024238	ENST00000625598.1:253,NC_045512.2:29438	786,783	763	806	44	18.613636363636363	0.5713	ENST00000625598.1:923:253-920(-),NC_045512.2:29903:29438-29876(+)	SRR13089334
hs	SRR13089334.1032497	ENST00000643683.1:1271,NC_045512.2:29721	1065,1061	1041	1085	45	23.822222222222223	0.6442	ENST00000643683.1:2492:217-1271(+),NC_045512.2:29903:29721-29871(+)	SRR13089334
hs	SRR13089334.1051109	ENST00000651669.1:234,NC_045512.2:29673	578,580	558	600	43	18.441860465116278	0.5062	ENST00000651669.1:352:13-234(+),NC_045512.2:29903:29673-29874(+)	SRR13089334
hs	SRR13089334.1091149	ENST00000631211.1:253,NC_045512.2:27385	1326,1326	1306	1346	41	21.536585365853657	0.7679	ENST00000631211.1:923:253-923(-),NC_045512.2:29903:27385-29874(+)	SRR13089334
hs	SRR13089334.1110008	ENST00000625598.1:558,NC_045512.2:29311	306,309	286	329	44	19.022727272727273	0.4357	ENST00000625598.1:923:558-861(-),NC_045512.2:29903:29311-29874(+)	SRR13089334
hs	SRR13089334.1120192	ENST00000625598.1:253,NC_045512.2:29310	666,666	646	686	41	17.926829268292682	0.5625	ENST00000625598.1:923:253-922(-),NC_045512.2:29903:29310-29874(+)	SRR13089334
hs	SRR13089334.114751	ENST00000445125.2:955,NC_045512.2:2493	847,850	827	870	44	18.886363636363637	0.2848	ENST00000445125.2:1848:955-1787(-),NC_045512.2:29903:2493-6056(+)	SRR13089334
hs	SRR13089334.145096	ENST00000618639.4:1098,NC_045512.2:29342	521,521	501	541	41	19.609756097560975	0.6216	ENST00000618639.4:1244:568-1098(+),NC_045512.2:29903:29342-29874(+)	SRR13089334
hs	SRR13089334.147881	ENST00000295688.8:1646,NC_045512.2:28254	2963,2977	2943	2997	55	19.236363636363638	0.526	ENST00000295688.8:1977:34-1646(+),NC_045512.2:29903:28254-29876(+)	SRR13089334
hs	SRR13089334.164956	ENST00000680846.1:852,NC_045512.2:29353	722,724	702	744	43	19.41860465116279	0.6484	ENST00000680846.1:2394:66-852(+),NC_045512.2:29903:29353-29871(+)	SRR13089334
hs	SRR13089334.17433	ENST00000625598.1:556,NC_045512.2:29379	1034,1034	1014	1054	41	21.75609756097561	0.9962	ENST00000625598.1:923:556-920(-),NC_045512.2:29903:29379-29808(+)	SRR13089334
hs	SRR13089334.178124	ENST00000445125.2:1028,NC_045512.2:735	766,766	746	786	41	19.121951219512194	0.3206	ENST00000445125.2:1848:1028-1778(-),NC_045512.2:29903:735-2486(+)	SRR13089334
hs	SRR13089334.207643	ENST00000377745.5:323,NC_045512.2:25246	261,267	241	287	47	20.51063829787234	0.7328	ENST00000377745.5:388:63-323(+),NC_045512.2:29903:25246-29874(+)	SRR13089334
hs	SRR13089334.210831	ENST00000332029.4:512,NC_045512.2:1737	451,452	431	472	42	25.595238095238095	0.9929	ENST00000332029.4:1238:59-512(+),NC_045512.2:29903:1737-2373(+)	SRR13089334
hs	SRR13089334.23130	ENST00000301821.11:1024,NC_045512.2:29354	2116,2110	2090	2136	47	19.340425531914892	0.4733	ENST00000301821.11:1140:11-1024(+),NC_045512.2:29903:29354-29874(+)	SRR13089334
hs	SRR13089334.239764	ENST00000380554.5:1115,NC_045512.2:29491	1937,1935	1915	1957	43	21.558139534883722	0.821	ENST00000380554.5:1186:1-1115(+),NC_045512.2:29903:29491-29875(+)	SRR13089334
hs	SRR13089334.241590	ENST00000673221.1:555,NC_045512.2:27591	1056,1054	1034	1076	43	18.488372093023255	0.6299	ENST00000673221.1:923:555-916(-),NC_045512.2:29903:27591-29878(+)	SRR13089334
hs	SRR13089334.273848	ENST00000631211.1:558,NC_045512.2:27355	1015,1015	995	1035	41	21.73170731707317	0.7694	ENST00000631211.1:923:558-920(-),NC_045512.2:29903:27355-29875(+)	SRR13089334
hs	SRR13089334.316930	ENST00000445125.2:1094,NC_045512.2:29081	698,698	678	718	41	17.414634146341463	0.3525	ENST00000445125.2:1848:1094-1785(-),NC_045512.2:29903:29081-29873(+)	SRR13089334
hs	SRR13089334.411958	ENST00000675100.1:118,NC_045512.2:29683	89,99	69	119	51	17.725490196078432	0.3458	ENST00000675100.1:598:28-118(+),NC_045512.2:29903:29683-29871(+)	SRR13089334
hs	SRR13089334.417787	ENST00000468844.1:1744,NC_045512.2:24341	126,126	106	146	41	19.853658536585368	0.6021	ENST00000468844.1:1915:1616-1744(+),NC_045512.2:29903:24341-29871(+)	SRR13089334
hs	SRR13089334.420835	ENST00000445125.2:1096,NC_045512.2:27380	708,707	687	728	42	23.61904761904762	0.8881	ENST00000445125.2:1848:1096-1787(-),NC_045512.2:29903:27380-29876(+)	SRR13089334
hs	SRR13089334.423906	ENST00000681507.1:5796,NC_045512.2:29374	5686,5688	5666	5708	43	21.186046511627907	0.6281	ENST00000681507.1:10103:5478-5796(+),NC_045512.2:29903:29374-29871(+)	SRR13089334
hs	SRR13089334.428987	ENST00000232424.4:138,NC_045512.2:29324	3002,2992	2972	3022	51	19.862745098039216	0.3813	ENST00000232424.4:1575:9-138(+),NC_045512.2:29903:29324-29880(+)	SRR13089334
hs	SRR13089334.465890	ENST00000445125.2:1029,NC_045512.2:4838	766,766	746	786	41	20.146341463414632	0.7228	ENST00000445125.2:1848:1029-1655(-),NC_045512.2:29903:4838-7695(+)	SRR13089334
hs	SRR13089334.488027	ENST00000282382.8:875,NC_045512.2:29452	472,478	452	498	47	19.872340425531913	0.6457	ENST00000282382.8:3491:407-875(+),NC_045512.2:29903:29452-29871(+)	SRR13089334
hs	SRR13089334.536710	ENST00000373876.5:1399,NC_045512.2:29326	1172,1172	1152	1192	41	18.26829268292683	0.732	ENST00000373876.5:5503:174-1399(+),NC_045512.2:29903:29326-29871(+)	SRR13089334
hs	SRR13089334.566740	ENST00000629969.1:255,NC_045512.2:29711	1381,1386	1361	1406	46	17.41304347826087	0.2562	ENST00000629969.1:923:255-913(-),NC_045512.2:29903:29711-29871(+)	SRR13089334
hs	SRR13089334.566890	ENST00000631211.1:255,NC_045512.2:27772	347,347	327	367	41	19.073170731707318	0.3501	ENST00000631211.1:923:255-601(-),NC_045512.2:29903:27772-29871(+)	SRR13089334
hs	SRR13089334.577555	ENST00000407418.8:1600,NC_045512.2:29728	1435,1435	1415	1455	41	20.21951219512195	0.8984	ENST00000407418.8:6052:105-1600(+),NC_045512.2:29903:29728-29881(+)	SRR13089334
hs	SRR13089334.598683	ENST00000247026.10:458,NC_045512.2:29468	2137,2132	2112	2157	46	23.717391304347824	0.9114	ENST00000247026.10:2506:29-458(+),NC_045512.2:29903:29468-29873(+)	SRR13089334
hs	SRR13089334.601370	ENST00000577407.5:310,NC_045512.2:1866	236,235	215	256	42	17.928571428571427	0.7007	ENST00000577407.5:615:70-310(+),NC_045512.2:29903:1866-1933(+)	SRR13089334
hs	SRR13089334.635775	ENST00000673221.1:260,NC_045512.2:29728	620,625	600	645	46	16.91304347826087	0.3026	ENST00000673221.1:923:260-894(-),NC_045512.2:29903:29728-29871(+)	SRR13089334
hs	SRR13089334.650669	ENST00000629969.1:265,NC_045512.2:26716	1329,1336	1309	1356	48	20.208333333333332	0.5873	ENST00000629969.1:923:265-921(-),NC_045512.2:29903:26716-29876(+)	SRR13089334
hs	SRR13089334.670929	ENST00000269856.5:2226,NC_045512.2:29680	373,371	351	393	43	20.11627906976744	0.4883	ENST00000269856.5:9540:1839-2226(+),NC_045512.2:29903:29680-29871(+)	SRR13089334
hs	SRR13089334.678275	ENST00000673221.1:253,NC_045512.2:29796	550,555	530	575	46	19.08695652173913	0.5126	ENST00000673221.1:923:253-808(-),NC_045512.2:29903:29796-29871(+)	SRR13089334
hs	SRR13089334.691024	ENST00000631211.1:253,NC_045512.2:27685	1341,1343	1321	1363	43	21.13953488372093	0.5181	ENST00000631211.1:923:253-921(-),NC_045512.2:29903:27685-29874(+)	SRR13089334
hs	SRR13089334.759202	ENST00000445125.2:1100,NC_045512.2:29766	693,698	673	718	46	17.76086956521739	0.5616	ENST00000445125.2:1848:1100-1788(-),NC_045512.2:29903:29766-29871(+)	SRR13089334
hs	SRR13089334.815479	ENST00000584058.2:178,NC_045512.2:29354	113,116	93	136	44	17.636363636363637	0.6162	ENST00000584058.2:295:60-178(+),NC_045512.2:29903:29354-29871(+)	SRR13089334
hs	SRR13089334.866161	ENST00000625598.1:253,NC_045512.2:29132	586,588	566	608	43	19.53488372093023	0.3724	ENST00000625598.1:923:253-839(-),NC_045512.2:29903:29132-29874(+)	SRR13089334
hs	SRR13089334.872150	ENST00000618786.1:232,NC_045512.2:29701	165,164	144	185	42	19.571428571428573	0.3636	ENST00000618786.1:299:61-232(+),NC_045512.2:29903:29701-29873(+)	SRR13089334
hs	SRR13089334.927326	ENST00000627981.1:253,NC_045512.2:29681	1330,1330	1310	1350	41	20.804878048780488	0.6676	ENST00000627981.1:923:253-923(-),NC_045512.2:29903:29681-29871(+)	SRR13089334
hs	SRR13089334.936221	ENST00000445125.2:1100,NC_045512.2:29478	658,660	638	680	43	14.0	0.2385	ENST00000445125.2:1848:1100-1700(-),NC_045512.2:29903:29478-29871(+)	SRR13089334
hs	SRR13089334.950505	ENST00000625598.1:258,NC_045512.2:29759	542,544	522	564	43	18.953488372093023	0.8362	ENST00000625598.1:923:258-803(-),NC_045512.2:29903:29759-29879(+)	SRR13089334
hs	SRR13089334.970254	ENST00000631211.1:556,NC_045512.2:28415	1023,1023	1003	1043	41	20.658536585365855	0.5531	ENST00000631211.1:923:556-921(-),NC_045512.2:29903:28415-29882(+)	SRR13089334
hs	SRR13089334.978659	ENST00000627981.1:556,NC_045512.2:28730	604,604	584	624	41	21.195121951219512	0.6509	ENST00000627981.1:923:556-921(-),NC_045512.2:29903:28730-29856(+)	SRR13089334
hs	SRR13089334.998112	ENST00000313733.9:755,NC_045512.2:28711	2061,2061	2041	2081	41	18.097560975609756	0.4765	ENST00000313733.9:3944:20-755(+),NC_045512.2:29903:28711-29894(+)	SRR13089334
hs	SRR13089336.1059907	ENST00000243878.9:1312,NC_045512.2:27221	883,886	863	906	44	20.795454545454547	0.8463	ENST00000243878.9:1565:124-1312(+),NC_045512.2:29903:27221-29873(+)	SRR13089336
hs	SRR13089336.1101859	ENST00000673221.1:253,NC_045512.2:29666	543,545	523	565	43	19.86046511627907	0.3516	ENST00000673221.1:923:253-801(-),NC_045512.2:29903:29666-29874(+)	SRR13089336
hs	SRR13089336.1224283	ENST00000673221.1:263,NC_045512.2:28601	1350,1360	1330	1380	51	17.686274509803923	0.3057	ENST00000673221.1:923:263-923(-),NC_045512.2:29903:28601-29832(+)	SRR13089336
hs	SRR13089336.1362578	ENST00000445125.2:1095,NC_045512.2:27465	717,718	697	738	42	17.404761904761905	0.3446	ENST00000445125.2:1848:1095-1650(-),NC_045512.2:29903:27465-29871(+)	SRR13089336
hs	SRR13089336.1639899	ENST00000469489.5:823,NC_045512.2:29490	686,683	663	706	44	21.022727272727273	0.8489	ENST00000469489.5:6054:28-823(+),NC_045512.2:29903:29490-29873(+)	SRR13089336
hs	SRR13089336.1651641	ENST00000445125.2:747,NC_045512.2:29530	1027,1026	1006	1047	42	21.0	0.8449	ENST00000445125.2:1848:747-1655(-),NC_045512.2:29903:29530-29874(+)	SRR13089336
hs	SRR13089336.1719855	ENST00000670178.1:1137,NC_045512.2:29265	5603,5601	5581	5623	43	17.651162790697676	0.5235	ENST00000670178.1:2881:468-1137(+),NC_045512.2:29903:29265-29871(+)	SRR13089336
hs	SRR13089336.1841634	ENST00000367075.4:2849,NC_045512.2:29146	180,180	160	200	41	21.634146341463413	0.9278	ENST00000367075.4:3052:2677-2849(+),NC_045512.2:29903:29146-29866(+)	SRR13089336
hs	SRR13089336.2042712	ENST00000360079.8:976,NC_045512.2:29480	1577,1577	1557	1597	41	23.26829268292683	0.8577	ENST00000360079.8:2122:0-976(+),NC_045512.2:29903:29480-29871(+)	SRR13089336
hs	SRR13089336.220285	ENST00000627981.1:259,NC_045512.2:29754	251,264	231	284	54	18.51851851851852	0.581	ENST00000627981.1:923:259-506(-),NC_045512.2:29903:29754-29871(+)	SRR13089336
hs	SRR13089336.2275345	ENST00000237654.9:1524,NC_045512.2:26714	1392,1394	1372	1414	43	16.627906976744185	0.3354	ENST00000237654.9:2759:87-1524(+),NC_045512.2:29903:26714-29845(+)	SRR13089336
hs	SRR13089336.2497910	ENST00000282903.10:438,NC_045512.2:28770	390,387	367	410	44	19.863636363636363	0.6238	ENST00000282903.10:3749:65-438(+),NC_045512.2:29903:28770-29873(+)	SRR13089336
hs	SRR13089336.2713023	ENST00000445125.2:1098,NC_045512.2:29342	677,675	655	697	43	23.74418604651163	0.8788	ENST00000445125.2:1848:1098-1727(-),NC_045512.2:29903:29342-29871(+)	SRR13089336
hs	SRR13089336.2745035	ENST00000670178.1:1132,NC_045512.2:29265	1264,1265	1244	1285	42	19.595238095238095	0.7545	ENST00000670178.1:2881:456-1132(+),NC_045512.2:29903:29265-29874(+)	SRR13089336
hs	SRR13089336.2931046	ENST00000644140.1:2507,NC_045512.2:29733	1212,1216	1192	1236	45	20.644444444444446	0.6544	ENST00000644140.1:2792:1245-2507(+),NC_045512.2:29903:29733-29871(+)	SRR13089336
hs	SRR13089336.2975543	ENST00000250448.5:2726,NC_045512.2:29085	178,184	158	204	47	20.95744680851064	0.785	ENST00000250448.5:3509:2547-2726(+),NC_045512.2:29903:29085-29871(+)	SRR13089336
hs	SRR13089336.415251	ENST00000354336.8:4214,NC_045512.2:29481	1553,1548	1528	1573	46	21.065217391304348	0.6378	ENST00000354336.8:5342:4101-4214(+),NC_045512.2:29903:29481-29871(+)	SRR13089336
hs	SRR13089336.441330	ENST00000531978.5:211,NC_045512.2:29482	151,147	127	171	45	23.466666666666665	0.8969	ENST00000531978.5:867:79-211(+),NC_045512.2:29903:29482-29876(+)	SRR13089336
hs	SRR13089336.632564	ENST00000361084.10:739,NC_045512.2:29360	587,593	567	613	47	15.872340425531915	0.3292	ENST00000361084.10:1100:142-739(+),NC_045512.2:29903:29360-29874(+)	SRR13089336
hs	SRR13089336.635423	ENST00000685611.1:612,NC_045512.2:27505	548,560	528	580	53	17.62264150943396	0.3957	ENST00000685611.1:1743:55-612(+),NC_045512.2:29903:27505-29871(+)	SRR13089336
hs	SRR13089336.715680	ENST00000644083.3:2110,NC_045512.2:27135	276,276	256	296	41	18.70731707317073	0.2626	ENST00000644083.3:4573:1834-2110(+),NC_045512.2:29903:27135-29871(+)	SRR13089336
hs	SRR13089336.855755	ENST00000445125.2:1094,NC_045512.2:4881	706,704	684	726	43	21.093023255813954	0.462	ENST00000445125.2:1848:1094-1721(-),NC_045512.2:29903:4881-6801(+)	SRR13089336
hs	SRR13089336.856348	ENST00000670178.1:1137,NC_045512.2:29265	707,705	685	727	43	24.023255813953487	0.8859	ENST00000670178.1:2881:464-1137(+),NC_045512.2:29903:29265-29871(+)	SRR13089336
hs	SRR13089336.964241	ENST00000673528.1:253,NC_045512.2:29789	1349,1358	1329	1378	50	21.4	1.0	ENST00000673528.1:923:253-920(-),NC_045512.2:29903:29789-29872(+)	SRR13089336
hs	SRR13089340.1001123	ENST00000631211.1:253,NC_045512.2:29759	992,992	972	1012	41	17.853658536585368	0.589	ENST00000631211.1:923:253-923(-),NC_045512.2:29903:29759-29871(+)	SRR13089340
hs	SRR13089340.1003828	ENST00000638356.1:222,NC_045512.2:29143	717,716	696	737	42	23.11904761904762	0.9519	ENST00000638356.1:494:73-222(+),NC_045512.2:29903:29143-29876(+)	SRR13089340
hs	SRR13089340.1068997	ENST00000625598.1:253,NC_045512.2:27279	553,553	533	573	41	22.829268292682926	0.8188	ENST00000625598.1:923:253-789(-),NC_045512.2:29903:27279-29871(+)	SRR13089340
hs	SRR13089340.1233828	ENST00000673528.1:253,NC_045512.2:27282	270,270	250	290	41	18.902439024390244	0.3713	ENST00000673528.1:923:253-532(-),NC_045512.2:29903:27282-29875(+)	SRR13089340
hs	SRR13089340.1239808	ENST00000260379.11:172,NC_045512.2:29680	105,104	84	125	42	20.476190476190474	0.8435	ENST00000260379.11:1174:62-172(+),NC_045512.2:29903:29680-29873(+)	SRR13089340
hs	SRR13089340.124049	ENST00000631211.1:255,NC_045512.2:28152	1124,1134	1104	1154	51	18.313725490196077	0.3411	ENST00000631211.1:923:255-923(-),NC_045512.2:29903:28152-29871(+)	SRR13089340
hs	SRR13089340.1272722	ENST00000638356.1:230,NC_045512.2:28620	1226,1226	1206	1246	41	19.682926829268293	0.3897	ENST00000638356.1:494:70-230(+),NC_045512.2:29903:28620-29876(+)	SRR13089340
hs	SRR13089340.1274080	ENST00000361427.6:1023,NC_045512.2:27554	273,273	253	293	41	22.097560975609756	0.7393	ENST00000361427.6:1940:749-1023(+),NC_045512.2:29903:27554-29871(+)	SRR13089340
hs	SRR13089340.1298381	ENST00000290158.9:334,NC_045512.2:28472	3961,3959	3939	3981	43	18.837209302325583	0.4277	ENST00000290158.9:6058:88-334(+),NC_045512.2:29903:28472-29874(+)	SRR13089340
hs	SRR13089340.1320553	ENST00000403564.5:696,NC_045512.2:29023	536,542	516	562	47	20.25531914893617	0.7741	ENST00000403564.5:764:163-696(+),NC_045512.2:29903:29023-29871(+)	SRR13089340
hs	SRR13089340.1345828	ENST00000629969.1:257,NC_045512.2:1644	1329,1340	1309	1360	52	17.076923076923077	0.376	ENST00000629969.1:923:257-923(-),NC_045512.2:29903:1644-1848(+)	SRR13089340
hs	SRR13089340.1357456	ENST00000633063.3:1994,NC_045512.2:29440	1605,1594	1574	1625	52	20.057692307692307	0.3404	ENST00000633063.3:4113:1703-1994(+),NC_045512.2:29903:29440-29872(+)	SRR13089340
hs	SRR13089340.1383792	ENST00000260379.11:272,NC_045512.2:29275	198,200	178	220	43	23.27906976744186	0.7961	ENST00000260379.11:1174:64-272(+),NC_045512.2:29903:29275-29872(+)	SRR13089340
hs	SRR13089340.1384853	ENST00000625598.1:253,NC_045512.2:28739	1249,1249	1229	1269	41	20.195121951219512	0.5111	ENST00000625598.1:923:253-921(-),NC_045512.2:29903:28739-29875(+)	SRR13089340
hs	SRR13089340.1394326	ENST00000543879.6:474,NC_045512.2:26523	322,331	302	351	50	20.48	0.4237	ENST00000543879.6:5722:154-474(+),NC_045512.2:29903:26523-29874(+)	SRR13089340
hs	SRR13089340.1474578	ENST00000311549.11:424,NC_045512.2:26713	367,367	347	387	41	21.658536585365855	0.7455	ENST00000311549.11:566:57-424(+),NC_045512.2:29903:26713-29876(+)	SRR13089340
hs	SRR13089340.1495784	ENST00000445125.2:1100,NC_045512.2:29132	726,734	706	754	49	15.714285714285714	0.3066	ENST00000445125.2:1848:1100-1778(-),NC_045512.2:29903:29132-29872(+)	SRR13089340
hs	SRR13089340.1500418	ENST00000340648.6:782,NC_045512.2:29361	586,591	566	611	46	21.934782608695652	0.8748	ENST00000340648.6:5078:171-782(+),NC_045512.2:29903:29361-29871(+)	SRR13089340
hs	SRR13089340.157567	ENST00000326092.8:534,NC_045512.2:29142	400,396	376	420	45	20.622222222222224	0.2618	ENST00000326092.8:641:138-534(+),NC_045512.2:29903:29142-29871(+)	SRR13089340
hs	SRR13089340.1607696	ENST00000530705.6:428,NC_045512.2:28760	351,354	331	374	44	20.772727272727273	0.7367	ENST00000530705.6:4548:71-428(+),NC_045512.2:29903:28760-29871(+)	SRR13089340
hs	SRR13089340.1609152	ENST00000583271.5:1052,NC_045512.2:28952	491,501	471	521	51	26.88235294117647	0.9907	ENST00000583271.5:5330:559-1052(+),NC_045512.2:29903:28952-29871(+)	SRR13089340
hs	SRR13089340.1649457	ENST00000625598.1:259,NC_045512.2:29792	566,569	546	589	44	16.636363636363637	0.548	ENST00000625598.1:923:259-839(-),NC_045512.2:29903:29792-29871(+)	SRR13089340
hs	SRR13089340.168937	ENST00000360439.8:2198,NC_045512.2:29682	1286,1286	1266	1306	41	24.21951219512195	0.9011	ENST00000360439.8:5050:906-2198(+),NC_045512.2:29903:29682-29869(+)	SRR13089340
hs	SRR13089340.1692227	ENST00000673221.1:259,NC_045512.2:29318	430,432	410	452	43	17.023255813953487	0.3395	ENST00000673221.1:923:259-692(-),NC_045512.2:29903:29318-29872(+)	SRR13089340
hs	SRR13089340.1765418	ENST00000445125.2:747,NC_045512.2:27282	1052,1052	1032	1072	41	21.024390243902438	0.7663	ENST00000445125.2:1848:747-1778(-),NC_045512.2:29903:27282-29876(+)	SRR13089340
hs	SRR13089340.1797175	ENST00000631211.1:253,NC_045512.2:27493	884,883	863	904	42	22.738095238095237	0.7195	ENST00000631211.1:923:253-923(-),NC_045512.2:29903:27493-29871(+)	SRR13089340
hs	SRR13089340.1804115	ENST00000638356.1:230,NC_045512.2:27719	1212,1222	1192	1242	51	20.627450980392158	0.4306	ENST00000638356.1:494:74-230(+),NC_045512.2:29903:27719-29877(+)	SRR13089340
hs	SRR13089340.1816032	ENST00000445125.2:747,NC_045512.2:3788	1040,1039	1019	1060	42	24.571428571428573	0.9749	ENST00000445125.2:1848:747-1788(-),NC_045512.2:29903:3788-4493(+)	SRR13089340
hs	SRR13089340.1848432	ENST00000673528.1:253,NC_045512.2:28705	1356,1356	1336	1376	41	21.21951219512195	0.5958	ENST00000673528.1:923:253-923(-),NC_045512.2:29903:28705-29871(+)	SRR13089340
hs	SRR13089340.1894202	ENST00000530705.6:751,NC_045512.2:29477	614,610	590	634	45	18.622222222222224	0.4339	ENST00000530705.6:4548:66-751(+),NC_045512.2:29903:29477-29874(+)	SRR13089340
hs	SRR13089340.1906264	ENST00000673221.1:256,NC_045512.2:28042	233,236	213	256	44	23.795454545454547	0.9766	ENST00000673221.1:923:256-486(-),NC_045512.2:29903:28042-29872(+)	SRR13089340
hs	SRR13089340.1925124	ENST00000629969.1:252,NC_045512.2:28253	1047,1056	1027	1076	50	21.18	0.6048	ENST00000629969.1:923:252-923(-),NC_045512.2:29903:28253-29876(+)	SRR13089340
hs	SRR13089340.193460	ENST00000631211.1:259,NC_045512.2:29616	1104,1108	1084	1128	45	16.333333333333332	0.5451	ENST00000631211.1:923:259-923(-),NC_045512.2:29903:29616-29877(+)	SRR13089340
hs	SRR13089340.1956433	ENST00000445125.2:1100,NC_045512.2:27036	537,543	517	563	47	16.872340425531913	0.2032	ENST00000445125.2:1848:1100-1629(-),NC_045512.2:29903:27036-29877(+)	SRR13089340
hs	SRR13089340.1971903	ENST00000445125.2:1093,NC_045512.2:29344	688,687	667	708	42	22.452380952380953	0.8065	ENST00000445125.2:1848:1093-1654(-),NC_045512.2:29903:29344-29865(+)	SRR13089340
hs	SRR13089340.2008846	ENST00000625598.1:253,NC_045512.2:25817	1242,1255	1222	1275	54	17.62962962962963	0.2123	ENST00000625598.1:923:253-917(-),NC_045512.2:29903:25817-29876(+)	SRR13089340
hs	SRR13089340.2020696	ENST00000629969.1:253,NC_045512.2:28050	1325,1325	1305	1345	41	20.658536585365855	0.7314	ENST00000629969.1:923:253-923(-),NC_045512.2:29903:28050-29874(+)	SRR13089340
hs	SRR13089340.2021863	ENST00000465692.2:279,NC_045512.2:27367	226,225	205	246	42	22.428571428571427	0.6548	ENST00000465692.2:718:39-279(+),NC_045512.2:29903:27367-29874(+)	SRR13089340
hs	SRR13089340.2124559	ENST00000627981.1:253,NC_045512.2:27297	545,548	525	568	44	20.386363636363637	0.4613	ENST00000627981.1:923:253-807(-),NC_045512.2:29903:27297-29872(+)	SRR13089340
hs	SRR13089340.2126869	ENST00000576436.5:246,NC_045512.2:27947	184,183	163	204	42	20.738095238095237	0.8089	ENST00000576436.5:2190:60-246(+),NC_045512.2:29903:27947-29876(+)	SRR13089340
hs	SRR13089340.2203748	ENST00000245458.11:225,NC_045512.2:28990	166,172	146	192	47	20.95744680851064	0.6572	ENST00000245458.11:295:69-225(+),NC_045512.2:29903:28990-29881(+)	SRR13089340
hs	SRR13089340.227043	ENST00000467168.5:425,NC_045512.2:29463	363,362	342	383	42	20.976190476190474	0.829	ENST00000467168.5:802:56-425(+),NC_045512.2:29903:29463-29874(+)	SRR13089340
hs	SRR13089340.228005	ENST00000551589.5:213,NC_045512.2:29252	6053,6053	6033	6073	41	23.0	0.9587	ENST00000551589.5:1438:0-213(+),NC_045512.2:29903:29252-29873(+)	SRR13089340
hs	SRR13089340.2283886	ENST00000631211.1:259,NC_045512.2:26315	901,903	881	923	43	18.790697674418606	0.5241	ENST00000631211.1:923:259-921(-),NC_045512.2:29903:26315-29874(+)	SRR13089340
hs	SRR13089340.2338755	ENST00000673528.1:824,NC_045512.2:3355	768,780	748	800	53	22.09433962264151	0.7583	ENST00000673528.1:923:824-921(-),NC_045512.2:29903:3355-3831(+)	SRR13089340
hs	SRR13089340.2340620	ENST00000316963.8:2225,NC_045512.2:29805	2067,2065	2045	2087	43	21.976744186046513	0.8115	ENST00000316963.8:2515:97-2225(+),NC_045512.2:29903:29805-29880(+)	SRR13089340
hs	SRR13089340.2343671	ENST00000230050.4:205,NC_045512.2:29084	141,140	120	161	42	21.19047619047619	0.3666	ENST00000230050.4:503:62-205(+),NC_045512.2:29903:29084-29872(+)	SRR13089340
hs	SRR13089340.2350752	ENST00000594581.5:952,NC_045512.2:27067	489,500	469	520	52	18.326923076923077	0.5667	ENST00000594581.5:2692:884-952(+),NC_045512.2:29903:27067-29873(+)	SRR13089340
hs	SRR13089340.235131	ENST00000445125.2:977,NC_045512.2:29580	525,521	501	545	45	20.511111111111113	0.7195	ENST00000445125.2:1848:977-1496(-),NC_045512.2:29903:29580-29872(+)	SRR13089340
hs	SRR13089340.2418258	ENST00000584577.5:218,NC_045512.2:26714	161,158	138	181	44	17.727272727272727	0.3469	ENST00000584577.5:344:51-218(+),NC_045512.2:29903:26714-29868(+)	SRR13089340
hs	SRR13089340.2440757	ENST00000629969.1:253,NC_045512.2:29661	1355,1355	1335	1375	41	17.658536585365855	0.2466	ENST00000629969.1:923:253-921(-),NC_045512.2:29903:29661-29871(+)	SRR13089340
hs	SRR13089340.2441287	ENST00000550776.5:754,NC_045512.2:29185	151,150	130	171	42	21.714285714285715	0.7114	ENST00000550776.5:870:603-754(+),NC_045512.2:29903:29185-29871(+)	SRR13089340
hs	SRR13089340.2442749	ENST00000630979.3:827,NC_045512.2:28318	738,751	718	771	54	20.314814814814813	0.6779	ENST00000630979.3:887:70-827(+),NC_045512.2:29903:28318-29871(+)	SRR13089340
hs	SRR13089340.2469497	ENST00000625598.1:253,NC_045512.2:28030	199,199	179	219	41	19.21951219512195	0.2361	ENST00000625598.1:923:253-453(-),NC_045512.2:29903:28030-29876(+)	SRR13089340
hs	SRR13089340.2490724	ENST00000260379.11:453,NC_045512.2:29149	394,389	369	414	46	26.956521739130434	0.9877	ENST00000260379.11:1174:75-453(+),NC_045512.2:29903:29149-29874(+)	SRR13089340
hs	SRR13089340.2556974	ENST00000625598.1:253,NC_045512.2:28251	1342,1342	1322	1362	41	18.463414634146343	0.3877	ENST00000625598.1:923:253-921(-),NC_045512.2:29903:28251-29876(+)	SRR13089340
hs	SRR13089340.2558478	ENST00000631211.1:555,NC_045512.2:28041	144,153	124	173	50	18.96	0.5181	ENST00000631211.1:923:555-702(-),NC_045512.2:29903:28041-29877(+)	SRR13089340
hs	SRR13089340.2567576	ENST00000614247.2:339,NC_045512.2:28466	3825,3838	3805	3858	54	18.85185185185185	0.4475	ENST00000614247.2:403:6-339(+),NC_045512.2:29903:28466-29871(+)	SRR13089340
hs	SRR13089340.2574178	ENST00000260379.11:242,NC_045512.2:29493	188,188	168	208	41	23.317073170731707	0.8679	ENST00000260379.11:1174:62-242(+),NC_045512.2:29903:29493-29873(+)	SRR13089340
hs	SRR13089340.2683692	ENST00000482587.5:1360,NC_045512.2:25427	264,260	240	284	45	14.666666666666666	0.3103	ENST00000482587.5:7067:1075-1360(+),NC_045512.2:29903:25427-25704(+)	SRR13089340
hs	SRR13089340.272014	ENST00000673528.1:259,NC_045512.2:26485	316,319	296	339	44	18.977272727272727	0.623	ENST00000673528.1:923:259-560(-),NC_045512.2:29903:26485-29872(+)	SRR13089340
hs	SRR13089340.2733338	ENST00000631211.1:253,NC_045512.2:28028	550,564	530	584	55	20.527272727272727	0.3867	ENST00000631211.1:923:253-787(-),NC_045512.2:29903:28028-29871(+)	SRR13089340
hs	SRR13089340.2760207	ENST00000627981.1:252,NC_045512.2:28447	370,383	350	403	54	21.425925925925927	0.5169	ENST00000627981.1:923:252-617(-),NC_045512.2:29903:28447-29874(+)	SRR13089340
hs	SRR13089340.2761389	ENST00000579408.5:421,NC_045512.2:26571	123,122	102	143	42	25.333333333333332	0.9505	ENST00000579408.5:859:298-421(+),NC_045512.2:29903:26571-29877(+)	SRR13089340
hs	SRR13089340.2776162	ENST00000230050.4:264,NC_045512.2:28748	194,192	172	214	43	19.674418604651162	0.292	ENST00000230050.4:503:61-264(+),NC_045512.2:29903:28748-29873(+)	SRR13089340
hs	SRR13089340.282075	ENST00000629969.1:253,NC_045512.2:26572	353,364	333	384	52	19.28846153846154	0.6576	ENST00000629969.1:923:253-603(-),NC_045512.2:29903:26572-29873(+)	SRR13089340
hs	SRR13089340.2826815	ENST00000625598.1:252,NC_045512.2:938	283,289	263	309	47	20.0	0.526	ENST00000625598.1:923:252-532(-),NC_045512.2:29903:938-1811(+)	SRR13089340
hs	SRR13089340.2830836	ENST00000631211.1:556,NC_045512.2:28254	452,466	432	486	55	21.8	0.8531	ENST00000631211.1:923:556-923(-),NC_045512.2:29903:28254-29873(+)	SRR13089340
hs	SRR13089340.2849002	ENST00000638356.1:188,NC_045512.2:28963	692,693	672	713	42	25.642857142857142	0.9818	ENST00000638356.1:494:70-188(+),NC_045512.2:29903:28963-29874(+)	SRR13089340
hs	SRR13089340.2860306	ENST00000427025.6:993,NC_045512.2:28659	249,249	229	269	41	16.853658536585368	0.224	ENST00000427025.6:7500:736-993(+),NC_045512.2:29903:28659-29873(+)	SRR13089340
hs	SRR13089340.2864268	ENST00000673528.1:253,NC_045512.2:28049	526,526	506	546	41	20.365853658536587	0.7321	ENST00000673528.1:923:253-806(-),NC_045512.2:29903:28049-29874(+)	SRR13089340
hs	SRR13089340.2883005	ENST00000631211.1:258,NC_045512.2:27477	1311,1315	1291	1335	45	19.555555555555557	0.313	ENST00000631211.1:923:258-921(-),NC_045512.2:29903:27477-29874(+)	SRR13089340
hs	SRR13089340.2912255	ENST00000673221.1:253,NC_045512.2:28030	171,171	151	191	41	17.390243902439025	0.3495	ENST00000673221.1:923:253-428(-),NC_045512.2:29903:28030-29874(+)	SRR13089340
hs	SRR13089340.3012544	ENST00000273986.10:173,NC_045512.2:29155	110,110	90	130	41	24.78048780487805	0.8484	ENST00000273986.10:5878:63-173(+),NC_045512.2:29903:29155-29877(+)	SRR13089340
hs	SRR13089340.3063218	ENST00000449224.1:744,NC_045512.2:29265	669,670	649	690	42	16.857142857142858	0.4536	ENST00000449224.1:1811:71-744(+),NC_045512.2:29903:29265-29874(+)	SRR13089340
hs	SRR13089340.3065491	ENST00000468435.6:389,NC_045512.2:28526	385,384	364	405	42	21.357142857142858	0.8493	ENST00000468435.6:3723:15-389(+),NC_045512.2:29903:28526-29871(+)	SRR13089340
hs	SRR13089340.3107271	ENST00000445125.2:440,NC_045512.2:28683	1344,1344	1324	1364	41	21.073170731707318	0.9141	ENST00000445125.2:1848:440-1787(-),NC_045512.2:29903:28683-29873(+)	SRR13089340
hs	SRR13089340.310766	ENST00000631211.1:253,NC_045512.2:29501	882,881	861	902	42	19.30952380952381	0.607	ENST00000631211.1:923:253-916(-),NC_045512.2:29903:29501-29874(+)	SRR13089340
hs	SRR13089340.3108087	ENST00000230050.4:311,NC_045512.2:29693	242,241	221	262	42	18.80952380952381	0.2688	ENST00000230050.4:503:65-311(+),NC_045512.2:29903:29693-29876(+)	SRR13089340
hs	SRR13089340.3192704	ENST00000673528.1:556,NC_045512.2:27282	450,450	430	470	41	18.536585365853657	0.5144	ENST00000673528.1:923:556-920(-),NC_045512.2:29903:27282-29875(+)	SRR13089340
hs	SRR13089340.3244661	ENST00000673221.1:253,NC_045512.2:28254	1319,1333	1299	1353	55	20.254545454545454	0.5658	ENST00000673221.1:923:253-923(-),NC_045512.2:29903:28254-29873(+)	SRR13089340
hs	SRR13089340.3244694	ENST00000445125.2:1094,NC_045512.2:29328	684,687	664	707	44	20.704545454545453	0.6994	ENST00000445125.2:1848:1094-1786(-),NC_045512.2:29903:29328-29873(+)	SRR13089340
hs	SRR13089340.3253795	ENST00000530705.6:652,NC_045512.2:25721	586,584	564	606	43	18.046511627906977	0.3072	ENST00000530705.6:4548:63-652(+),NC_045512.2:29903:25721-29876(+)	SRR13089340
hs	SRR13089340.328228	ENST00000625598.1:556,NC_045512.2:29759	1016,1016	996	1036	41	20.804878048780488	0.8801	ENST00000625598.1:923:556-921(-),NC_045512.2:29903:29759-29853(+)	SRR13089340
hs	SRR13089340.3323226	ENST00000445125.2:446,NC_045512.2:27282	1392,1395	1372	1415	44	21.09090909090909	0.7607	ENST00000445125.2:1848:446-1721(-),NC_045512.2:29903:27282-29871(+)	SRR13089340
hs	SRR13089340.3374455	ENST00000616577.4:646,NC_045512.2:29583	452,452	432	472	41	21.48780487804878	0.7913	ENST00000616577.4:4814:167-646(+),NC_045512.2:29903:29583-29871(+)	SRR13089340
hs	SRR13089340.3386583	ENST00000428443.8:1132,NC_045512.2:27538	202,200	180	222	43	19.162790697674417	0.432	ENST00000428443.8:10671:976-1132(+),NC_045512.2:29903:27538-29877(+)	SRR13089340
hs	SRR13089340.3386822	ENST00000530705.6:719,NC_045512.2:29081	648,640	620	668	49	19.163265306122447	0.7139	ENST00000530705.6:4548:77-719(+),NC_045512.2:29903:29081-29682(+)	SRR13089340
hs	SRR13089340.340443	ENST00000673528.1:252,NC_045512.2:28041	314,313	293	334	42	18.142857142857142	0.5306	ENST00000673528.1:923:252-589(-),NC_045512.2:29903:28041-29871(+)	SRR13089340
hs	SRR13089340.439833	ENST00000230050.4:412,NC_045512.2:29471	348,358	328	378	51	25.333333333333332	0.9319	ENST00000230050.4:503:65-412(+),NC_045512.2:29903:29471-29871(+)	SRR13089340
hs	SRR13089340.476185	ENST00000684749.1:516,NC_045512.2:29666	498,500	478	520	43	22.023255813953487	0.709	ENST00000684749.1:4114:12-516(+),NC_045512.2:29903:29666-29872(+)	SRR13089340
hs	SRR13089340.501726	ENST00000313511.8:1428,NC_045512.2:29754	1244,1258	1224	1278	55	22.381818181818183	0.9672	ENST00000313511.8:2011:1055-1428(+),NC_045512.2:29903:29754-29871(+)	SRR13089340
hs	SRR13089340.594845	ENST00000379056.5:515,NC_045512.2:29580	420,418	398	440	43	18.232558139534884	0.2902	ENST00000379056.5:1101:94-515(+),NC_045512.2:29903:29580-29874(+)	SRR13089340
hs	SRR13089340.635224	ENST00000414533.5:882,NC_045512.2:28688	526,525	505	546	42	17.952380952380953	0.4305	ENST00000414533.5:2412:347-882(+),NC_045512.2:29903:28688-29875(+)	SRR13089340
hs	SRR13089340.638762	ENST00000673221.1:252,NC_045512.2:697	272,275	252	295	44	20.477272727272727	0.6091	ENST00000673221.1:923:252-529(-),NC_045512.2:29903:697-1973(+)	SRR13089340
hs	SRR13089340.642731	ENST00000631211.1:259,NC_045512.2:26495	325,329	305	349	45	18.866666666666667	0.6514	ENST00000631211.1:923:259-579(-),NC_045512.2:29903:26495-29877(+)	SRR13089340
hs	SRR13089340.643011	ENST00000075120.12:2060,NC_045512.2:29078	1574,1568	1548	1594	47	20.638297872340427	0.5572	ENST00000075120.12:3827:426-2060(+),NC_045512.2:29903:29078-29876(+)	SRR13089340
hs	SRR13089340.710785	ENST00000297290.4:494,NC_045512.2:29173	408,410	388	430	43	18.906976744186046	0.517	ENST00000297290.4:790:88-494(+),NC_045512.2:29903:29173-29871(+)	SRR13089340
hs	SRR13089340.719541	ENST00000629969.1:259,NC_045512.2:29502	1181,1184	1161	1204	44	18.522727272727273	0.4685	ENST00000629969.1:923:259-920(-),NC_045512.2:29903:29502-29871(+)	SRR13089340
hs	SRR13089340.756956	ENST00000673528.1:253,NC_045512.2:27282	1314,1323	1294	1343	50	22.32	0.7027	ENST00000673528.1:923:253-912(-),NC_045512.2:29903:27282-29877(+)	SRR13089340
hs	SRR13089340.785503	ENST00000625598.1:554,NC_045512.2:26515	290,296	270	316	47	18.02127659574468	0.2899	ENST00000625598.1:923:554-845(-),NC_045512.2:29903:26515-29882(+)	SRR13089340
hs	SRR13089340.821829	ENST00000489040.1:170,NC_045512.2:29684	121,117	97	141	45	19.6	0.4254	ENST00000489040.1:523:52-170(+),NC_045512.2:29903:29684-29873(+)	SRR13089340
hs	SRR13089340.883862	ENST00000531978.5:212,NC_045512.2:28352	153,155	133	175	43	19.325581395348838	0.2517	ENST00000531978.5:867:78-212(+),NC_045512.2:29903:28352-29875(+)	SRR13089340
hs	SRR13089340.897692	ENST00000631211.1:253,NC_045512.2:29766	1061,1061	1041	1081	41	24.121951219512194	0.9007	ENST00000631211.1:923:253-921(-),NC_045512.2:29903:29766-29873(+)	SRR13089340
hs	SRR13089340.903026	ENST00000357790.5:180,NC_045512.2:29695	111,107	87	131	45	19.22222222222222	0.6044	ENST00000357790.5:445:76-180(+),NC_045512.2:29903:29695-29876(+)	SRR13089340
hs	SRR13089340.922549	ENST00000260379.11:254,NC_045512.2:25763	185,189	165	209	45	18.511111111111113	0.6085	ENST00000260379.11:1174:72-254(+),NC_045512.2:29903:25763-29871(+)	SRR13089340
hs	SRR13089340.931512	ENST00000378720.8:203,NC_045512.2:27132	135,134	114	155	42	19.261904761904763	0.6537	ENST00000378720.8:1121:65-203(+),NC_045512.2:29903:27132-29874(+)	SRR13089340
hs	SRR13089340.960409	ENST00000393590.3:1630,NC_045512.2:28284	234,232	212	254	43	22.372093023255815	0.6997	ENST00000393590.3:2406:1393-1630(+),NC_045512.2:29903:28284-29878(+)	SRR13089340
hs	SRR13089340.974474	ENST00000481195.6:1147,NC_045512.2:28250	1150,1151	1130	1171	42	20.88095238095238	0.4182	ENST00000481195.6:4582:0-1147(+),NC_045512.2:29903:28250-29880(+)	SRR13089340
hs	SRR13089348.1164942	ENST00000627981.1:253,NC_045512.2:29185	156,154	134	176	43	20.162790697674417	0.5008	ENST00000627981.1:923:253-410(-),NC_045512.2:29903:29185-29873(+)	SRR13089348
